{"ics_weight":1338.4324951171875,"ics_loss":8.981297483501294e-09,"cas_weight":0.9790961742401123,"_runtime":2172.803837,"_step":199900,"res_weight":0.500347375869751,"res_loss":0.0006660057697445154,"l2_error":0.0031892794650048018,"_timestamp":1.735722609857873e+09,"_wandb":{"runtime":2172}}